time,activeFish,avgSpeed,avgSep,avgCoh,avgAli,avgMaxSpeed,avgMaxForce,avgHuntWeight,avgHuntRadius,avgFleeWeight,avgFleeRadius
0.00,400,4.3510,2.0000,0.8000,0.4000,7.0000,1.0000,5.0000,15.0000,8.0000,10.0000
0.00,398,4.0319,2.0000,0.8000,0.4000,7.0000,1.0000,5.0000,15.0000,8.0000,10.0000
0.00,396,4.1586,2.0000,0.8000,0.4000,7.0000,1.0000,5.0000,15.0000,8.0000,10.0000
0.00,393,4.5347,2.0000,0.8000,0.4000,7.0000,1.0000,5.0000,15.0000,8.0000,10.0000
0.00,389,4.8482,2.0000,0.8000,0.4000,7.0000,1.0000,5.0000,15.0000,8.0000,10.0000
0.00,386,4.9997,2.0000,0.8000,0.4000,7.0000,1.0000,5.0000,15.0000,8.0000,10.0000
0.00,383,5.0859,2.0000,0.8000,0.4000,7.0000,1.0000,5.0000,15.0000,8.0000,10.0000
0.00,379,5.0734,2.0000,0.8000,0.4000,7.0000,1.0000,5.0000,15.0000,8.0000,10.0000
0.00,371,5.0745,2.0000,0.8000,0.4000,7.0000,1.0000,5.0000,15.0000,8.0000,10.0000
0.00,368,5.1441,2.0000,0.8000,0.4000,7.0000,1.0000,5.0000,15.0000,8.0000,10.0000
0.00,365,5.1940,2.0000,0.8000,0.4000,7.0000,1.0000,5.0000,15.0000,8.0000,10.0000
0.00,359,5.2004,2.0000,0.8000,0.4000,7.0000,1.0000,5.0000,15.0000,8.0000,10.0000
0.00,358,5.3176,2.0000,0.8000,0.4000,7.0000,1.0000,5.0000,15.0000,8.0000,10.0000
0.00,355,5.3618,2.0000,0.8000,0.4000,7.0000,1.0000,5.0000,15.0000,8.0000,10.0000
0.00,348,5.3536,2.0000,0.8000,0.4000,7.0000,1.0000,5.0000,15.0000,8.0000,10.0000
0.00,342,5.3737,2.0000,0.8000,0.4000,7.0000,1.0000,5.0000,15.0000,8.0000,10.0000
0.00,337,5.3724,2.0000,0.8000,0.4000,7.0000,1.0000,5.0000,15.0000,8.0000,10.0000
0.00,335,5.3819,2.0000,0.8000,0.4000,7.0000,1.0000,5.0000,15.0000,8.0000,10.0000
0.00,332,5.4010,2.0000,0.8000,0.4000,7.0000,1.0000,5.0000,15.0000,8.0000,10.0000
0.00,331,5.3713,2.0000,0.8000,0.4000,7.0000,1.0000,5.0000,15.0000,8.0000,10.0000
0.00,327,5.3051,2.0000,0.8000,0.4000,7.0000,1.0000,5.0000,15.0000,8.0000,10.0000
0.00,322,5.2740,2.0000,0.8000,0.4000,7.0000,1.0000,5.0000,15.0000,8.0000,10.0000
0.00,319,5.2621,2.0000,0.8000,0.4000,7.0000,1.0000,5.0000,15.0000,8.0000,10.0000
0.00,317,5.2696,2.0000,0.8000,0.4000,7.0000,1.0000,5.0000,15.0000,8.0000,10.0000
0.00,314,5.2667,2.0000,0.8000,0.4000,7.0000,1.0000,5.0000,15.0000,8.0000,10.0000
0.00,311,5.2119,2.0000,0.8000,0.4000,7.0000,1.0000,5.0000,15.0000,8.0000,10.0000
0.00,307,5.1554,2.0000,0.8000,0.4000,7.0000,1.0000,5.0000,15.0000,8.0000,10.0000
0.00,304,5.0678,2.0000,0.8000,0.4000,7.0000,1.0000,5.0000,15.0000,8.0000,10.0000
0.00,303,5.0042,2.0000,0.8000,0.4000,7.0000,1.0000,5.0000,15.0000,8.0000,10.0000
0.00,304,5.0680,2.0022,0.8061,0.4024,7.0173,1.0027,5.0282,14.8945,7.9837,10.0552
0.00,304,5.1298,2.0031,0.8043,0.4003,7.0285,1.0027,5.0451,14.8853,7.9685,10.0688
0.00,304,5.1406,1.9950,0.8093,0.3996,7.1081,1.0052,5.0630,14.9084,7.9832,10.0817
0.00,300,5.1749,1.9932,0.8108,0.3988,7.1396,1.0100,5.0379,14.9427,8.0274,10.0405
0.00,301,5.1762,2.0034,0.7998,0.4027,7.1331,1.0209,5.0654,15.0976,8.0141,9.9657
0.00,296,5.1230,1.9992,0.8023,0.4035,7.1193,1.0221,5.0923,15.1011,7.9916,9.9223
0.00,298,5.1117,1.9928,0.7963,0.4111,7.1967,1.0267,5.1544,15.0017,7.9370,10.0502
0.00,302,5.0890,1.9873,0.8068,0.4089,7.2066,1.0389,5.1501,14.8367,7.9637,10.1458
0.00,303,5.0734,1.9796,0.8120,0.4119,7.2397,1.0460,5.1236,14.7717,7.9732,10.1492
0.00,304,5.0221,1.9747,0.8107,0.4135,7.2502,1.0495,5.0796,14.5774,8.0376,10.1831
0.00,302,4.9198,1.9349,0.8146,0.4095,7.3088,1.0572,5.0325,14.5393,8.1605,10.1400
0.00,301,4.8950,1.9371,0.8105,0.4123,7.3328,1.0581,5.0193,14.5958,8.1930,10.1621
0.00,300,4.8956,1.9382,0.8102,0.4137,7.3356,1.0630,4.9934,14.5145,8.1581,10.1818
0.00,306,4.8974,1.9730,0.8081,0.4053,7.4192,1.0682,5.0322,14.4878,8.0330,10.1649
0.00,308,4.9228,1.9744,0.8026,0.4064,7.3958,1.0738,5.0161,14.5349,8.1821,10.1849
0.00,313,4.9202,1.9743,0.8084,0.4081,7.4174,1.0792,5.0423,14.4950,8.2168,10.2511
0.00,313,4.8140,1.9705,0.8106,0.4103,7.3791,1.0894,5.0454,14.5965,8.2704,10.2360
0.00,309,4.7586,1.9683,0.8178,0.4117,7.3800,1.0906,5.0274,14.6372,8.3473,10.1603
0.00,309,4.7785,1.9677,0.8215,0.4048,7.4220,1.0935,5.0556,14.5503,8.3842,10.2451
0.00,307,4.8197,1.9613,0.8233,0.4036,7.4247,1.0959,5.0708,14.4719,8.3615,10.2051
0.00,308,4.8965,1.9598,0.8350,0.4044,7.4331,1.0925,5.1557,14.4231,8.2355,10.3212
0.00,309,4.9239,1.9539,0.8373,0.4071,7.3981,1.0958,5.1679,14.1923,8.2019,10.3698
0.00,310,4.9728,1.9496,0.8376,0.4040,7.3672,1.0955,5.1830,14.0741,8.2356,10.4101
0.00,310,4.9827,1.9446,0.8322,0.4020,7.3792,1.0965,5.1084,14.1178,8.2287,10.4398
0.00,310,4.9711,1.9340,0.8336,0.4011,7.3772,1.0984,5.1103,14.1730,8.2558,10.5128
0.00,307,4.9390,1.9295,0.8387,0.4037,7.4618,1.1100,5.0722,14.0733,8.3553,10.6224
0.00,307,4.9854,1.9276,0.8406,0.4055,7.4728,1.1072,5.1000,13.8939,8.2486,10.6717
0.00,306,4.9817,1.9309,0.8426,0.4032,7.5007,1.1056,5.0866,13.8996,8.2744,10.6115
0.00,305,4.9254,1.9366,0.8413,0.4046,7.5339,1.1097,5.0854,13.9551,8.2805,10.6534
0.00,303,4.9227,1.9379,0.8430,0.4046,7.5509,1.1082,5.0244,13.9370,8.4268,10.5900
0.00,305,4.8856,1.9345,0.8456,0.4028,7.4935,1.1127,4.9950,13.9283,8.4176,10.5965
0.00,305,4.8231,1.9029,0.8511,0.4070,7.4485,1.1168,4.9461,13.8881,8.4536,10.6369
0.00,306,4.8510,1.9090,0.8501,0.4039,7.4807,1.1200,4.9126,13.8759,8.4358,10.6204
0.00,309,4.8255,1.9067,0.8410,0.4087,7.5404,1.1215,4.8942,14.0068,8.3278,10.5323
0.00,305,4.8159,1.9122,0.8361,0.4089,7.5304,1.1219,4.9553,14.0143,8.4490,10.5674
0.00,306,4.8794,1.9244,0.8351,0.4100,7.5505,1.1240,4.9158,14.0702,8.4048,10.5209
0.00,305,4.9401,1.9353,0.8382,0.4117,7.5643,1.1212,4.9657,14.0203,8.4860,10.4550
0.00,304,4.9550,1.9401,0.8343,0.4113,7.5427,1.1241,4.9857,14.0837,8.5285,10.4963
0.00,309,4.9412,1.9432,0.8307,0.4033,7.5087,1.1299,5.0599,13.8957,8.5973,10.4820
0.00,310,4.9555,1.9303,0.8298,0.4030,7.5320,1.1295,5.0561,13.8210,8.5199,10.4780
0.00,309,4.9295,1.9107,0.8283,0.4033,7.5719,1.1281,5.0897,13.8275,8.5294,10.4044
0.00,308,4.9265,1.9138,0.8382,0.4061,7.6232,1.1302,5.1733,13.8554,8.4134,10.3111
0.00,305,4.9030,1.9370,0.8434,0.4066,7.5983,1.1330,5.1732,13.7678,8.4056,10.2642
0.00,302,4.9379,1.9637,0.8377,0.4050,7.6045,1.1309,5.1923,13.7386,8.3364,10.2629
0.00,299,4.9993,1.9658,0.8361,0.4050,7.5960,1.1322,5.1713,13.7364,8.3384,10.2620
0.00,303,4.9815,1.9765,0.8487,0.4063,7.6769,1.1418,5.1476,13.7151,8.3308,10.2432
0.00,302,5.0047,1.9668,0.8473,0.4074,7.6712,1.1437,5.1321,13.7356,8.3336,10.2630
0.00,301,4.9809,1.9802,0.8387,0.4060,7.6623,1.1450,5.1041,13.7336,8.2611,10.2301
0.00,302,5.0100,2.0146,0.8441,0.4096,7.6942,1.1578,5.0542,13.6385,8.1457,10.1613
0.00,298,5.0127,2.0350,0.8442,0.4078,7.7252,1.1626,5.1065,13.6043,8.1167,10.0967
0.00,297,5.0617,2.0421,0.8432,0.4062,7.7478,1.1575,5.0588,13.6427,8.1205,10.1078
0.00,295,5.0030,2.0363,0.8323,0.4036,7.6644,1.1620,5.1099,13.5895,8.1351,9.9580
0.00,295,4.9575,2.0463,0.8403,0.4040,7.6557,1.1712,5.0624,13.6116,8.0088,10.0007
0.00,298,4.8947,2.0216,0.8451,0.4085,7.6534,1.1751,5.0772,13.6072,8.0557,9.9409
0.00,299,4.9800,2.0156,0.8344,0.4068,7.7327,1.1800,4.9952,13.6976,7.9737,9.9490
0.00,298,5.0266,1.9813,0.8248,0.4028,7.7336,1.1800,4.9707,13.6786,7.9350,9.8738
0.00,299,5.0536,1.9694,0.8263,0.4046,7.7224,1.1790,4.9866,13.5900,7.8748,9.8843
0.00,303,5.0460,1.9743,0.8289,0.4091,7.7533,1.1833,5.0059,13.8181,7.7829,9.9043
0.00,298,5.0442,1.9776,0.8352,0.4031,7.7796,1.1835,4.9956,13.6420,7.8108,9.8730
0.00,300,5.1053,1.9777,0.8390,0.4009,7.7564,1.1870,4.8811,13.7050,7.8052,9.8804
0.00,297,5.1535,1.9340,0.8520,0.3950,7.7736,1.1815,4.8953,13.7902,7.8626,9.8761
0.00,297,5.2343,1.9469,0.8563,0.3963,7.8065,1.1790,4.8901,13.9939,7.8960,9.7759
0.00,301,5.3037,1.9860,0.8528,0.3978,7.8319,1.1851,4.9533,13.7427,7.8713,9.5932
0.00,304,5.2440,1.9779,0.8445,0.3983,7.7714,1.1833,4.9598,13.8712,7.8240,9.6025
0.00,306,5.2057,1.9359,0.8543,0.3990,7.8171,1.1852,4.9527,13.8609,7.9124,9.6067
0.00,306,5.2233,1.9571,0.8554,0.4045,7.8114,1.1879,4.9293,14.0415,8.0239,9.6763
0.00,305,5.1962,1.9754,0.8674,0.4067,7.7777,1.1860,4.9550,13.7795,8.0770,9.6601
0.00,304,5.1477,1.9760,0.8689,0.4119,7.7903,1.1848,4.9785,14.0670,8.0445,9.5779
0.00,305,5.0746,1.9468,0.8743,0.4143,7.7734,1.1884,4.8999,14.0351,7.9739,9.5927
0.00,304,4.9606,1.9635,0.8740,0.4136,7.5876,1.1911,4.9736,13.8801,8.0324,9.6678
0.00,304,4.9138,1.9593,0.8799,0.4177,7.5651,1.1908,4.9819,14.1189,8.0195,9.4597
0.00,304,4.9499,1.9587,0.8848,0.4152,7.5295,1.1945,4.9542,14.3427,7.9926,9.4480
0.00,300,5.0482,1.9740,0.8688,0.4174,7.5792,1.1922,4.8871,14.8663,7.8533,9.6463
0.00,298,5.0571,1.9788,0.8731,0.4163,7.6237,1.1943,4.9013,14.8241,7.8621,9.7697
0.00,300,5.0341,1.9653,0.8575,0.4205,7.6493,1.1981,4.8970,14.6299,7.8557,9.7086
0.00,302,4.9674,1.9528,0.8571,0.4196,7.6804,1.1983,4.9220,14.5647,7.9310,9.8153
0.00,304,4.8813,1.9622,0.8649,0.4239,7.6439,1.2004,4.9042,14.4891,7.9327,9.7879
0.00,307,4.8920,1.9858,0.8462,0.4225,7.7604,1.2039,4.8868,14.5987,8.0887,10.0029
0.00,307,4.8691,1.9910,0.8422,0.4234,7.7348,1.2039,4.9298,14.6115,8.1093,10.0154
0.00,309,4.8181,1.9868,0.8569,0.4185,7.7454,1.2132,4.9215,14.6089,8.1459,9.8865
0.00,308,4.8450,2.0005,0.8602,0.4154,7.8087,1.2149,4.9067,14.6226,8.2900,9.9857
0.00,308,4.8168,2.0057,0.8625,0.4158,7.7409,1.2146,4.8739,14.7103,8.4251,10.0435
0.00,308,4.8638,1.9988,0.8629,0.4117,7.7742,1.2192,4.8671,14.6379,8.4400,10.1104
0.00,305,4.8334,1.9905,0.8598,0.4093,7.8052,1.2202,4.8264,14.7306,8.3975,10.0600
0.00,308,4.8089,1.9892,0.8626,0.4100,7.7660,1.2224,4.7999,14.7018,8.2933,10.0642
0.00,306,4.7940,1.9985,0.8600,0.4086,7.7455,1.2220,4.8511,14.5487,8.3519,10.0348
0.00,307,4.8204,1.9895,0.8690,0.4053,7.6600,1.2239,4.8445,14.5966,8.4425,9.9324
0.00,310,4.9402,1.9901,0.8739,0.4014,7.6783,1.2312,4.8876,14.4973,8.3594,9.8918
0.00,308,4.8432,1.9916,0.8671,0.3982,7.6313,1.2367,4.8631,14.7613,8.4051,9.9059
0.00,306,4.8062,1.9941,0.8687,0.4001,7.6171,1.2412,4.8444,14.7358,8.4196,10.0587
0.00,305,4.7968,2.0020,0.8699,0.4002,7.5892,1.2477,4.8330,14.6741,8.4210,10.0969
0.00,305,4.8193,2.0020,0.8699,0.4002,7.5892,1.2477,4.8330,14.6741,8.4210,10.0969
0.00,303,4.8313,2.0231,0.8804,0.4017,7.5928,1.2434,4.8260,14.5863,8.5040,10.1068
0.00,300,4.8646,2.0229,0.8821,0.4003,7.6318,1.2399,4.8305,14.5686,8.4799,10.1419
0.00,304,4.8568,2.0273,0.8829,0.4057,7.6849,1.2473,4.8784,14.4483,8.5206,10.1765
0.00,306,4.7854,2.0327,0.8782,0.4035,7.6727,1.2472,4.8659,14.4860,8.5452,10.2731
0.00,306,4.7848,2.0418,0.8612,0.4031,7.5826,1.2474,4.8127,14.5753,8.5754,10.2781
0.00,311,4.8035,2.0466,0.8614,0.3957,7.5914,1.2519,4.7816,14.3871,8.6056,10.2445
0.00,311,4.8651,2.0327,0.8497,0.4003,7.6628,1.2604,4.7086,14.3367,8.4972,10.3646
0.00,311,4.7202,2.0446,0.8505,0.3969,7.5801,1.2673,4.7342,14.2776,8.4964,10.4859
0.00,314,4.6787,2.0825,0.8422,0.4009,7.5328,1.2505,4.6835,14.3859,8.3592,10.3756
0.00,309,4.7288,2.1249,0.8402,0.4101,7.6059,1.2545,4.6623,14.2831,8.3008,10.5437
0.00,309,4.7723,2.1194,0.8317,0.4074,7.6201,1.2566,4.6742,14.3535,8.2591,10.5388
0.00,309,4.8418,2.1314,0.8342,0.4086,7.6460,1.2657,4.6955,14.4394,8.1268,10.5462
0.00,303,4.8892,2.1410,0.8356,0.4124,7.6601,1.2620,4.6575,14.3886,8.0509,10.4458
0.00,303,5.0314,2.1354,0.8430,0.4087,7.6913,1.2719,4.6486,14.3810,7.9540,10.5661
0.00,300,5.0237,2.1383,0.8404,0.4112,7.6145,1.2643,4.6652,14.2476,7.8075,10.4352
0.00,300,5.0170,2.1344,0.8370,0.4045,7.5694,1.2687,4.5822,14.3331,7.7064,10.5142
0.00,301,5.0438,2.1283,0.8403,0.4086,7.5965,1.2664,4.6086,14.3469,7.7541,10.4464
0.00,301,5.0270,2.1338,0.8458,0.4127,7.5755,1.2736,4.6544,14.3122,7.6972,10.4040
0.00,300,5.0623,2.1570,0.8429,0.4156,7.5375,1.2846,4.5746,14.3969,7.6882,10.4398
0.00,303,5.0732,2.1612,0.8374,0.4161,7.5640,1.2843,4.5662,14.3967,7.6694,10.4670
0.00,301,5.0672,2.1634,0.8363,0.4154,7.6050,1.2838,4.5513,14.4218,7.7323,10.3986
0.00,298,5.0787,2.1583,0.8392,0.4170,7.6271,1.2903,4.5030,14.5585,7.6948,10.4136
0.00,302,5.1314,2.1686,0.8430,0.4140,7.5923,1.2884,4.4783,14.6501,7.6827,10.4803
0.00,301,5.0685,2.1728,0.8455,0.4149,7.5345,1.2788,4.5433,14.7478,7.6712,10.4318
0.00,302,5.0374,2.1713,0.8460,0.4114,7.5074,1.2766,4.4710,14.7051,7.6844,10.3266
0.00,305,5.0418,2.1477,0.8446,0.4089,7.5073,1.2777,4.4942,14.8107,7.7546,10.2800
0.00,306,5.0610,2.1454,0.8447,0.4079,7.4931,1.2768,4.4378,14.7941,7.8135,10.2550
0.00,301,5.0127,2.1464,0.8402,0.4036,7.4946,1.2806,4.4253,14.8644,7.8776,10.2872
0.00,304,5.0051,2.1373,0.8370,0.4061,7.4484,1.2776,4.4446,14.8799,7.7287,10.2038
0.00,303,4.9268,2.1357,0.8392,0.4039,7.3719,1.2724,4.4564,14.7887,7.8258,10.1701
0.00,302,4.9141,2.1205,0.8353,0.4031,7.3487,1.2733,4.4357,14.9368,7.8916,10.2262
0.00,300,4.8673,2.1216,0.8420,0.4047,7.3483,1.2692,4.4322,14.8187,7.8565,10.1413
0.00,302,4.8512,2.1184,0.8467,0.4039,7.4435,1.2756,4.4564,14.6866,7.7763,10.1827
0.00,298,4.8765,2.1499,0.8284,0.3996,7.3911,1.2682,4.4631,14.7497,7.7911,10.1139
0.00,298,4.9718,2.1399,0.8327,0.3990,7.4269,1.2650,4.5292,14.8075,7.7017,10.0613
0.00,301,5.0117,2.1562,0.8358,0.4001,7.3985,1.2556,4.5210,14.7512,7.6538,10.0303
0.00,302,5.0093,2.1474,0.8242,0.3922,7.4376,1.2602,4.5969,14.7356,7.7477,10.0857
0.00,305,5.0388,2.1375,0.8198,0.4002,7.5432,1.2603,4.6191,14.5008,7.6844,10.0070
0.00,304,5.0795,2.1159,0.8262,0.4023,7.5617,1.2612,4.6520,14.7070,7.6384,10.1518
0.00,305,5.1242,2.1094,0.8263,0.4051,7.5526,1.2575,4.6708,14.7188,7.7189,10.3051
0.00,310,5.1636,2.1054,0.8258,0.4149,7.6125,1.2540,4.6162,15.0607,7.7491,10.2992
0.00,309,5.2087,2.1313,0.8257,0.4167,7.6599,1.2564,4.5946,15.1681,7.7276,10.3429
0.00,306,5.1145,2.1452,0.8258,0.4136,7.6516,1.2657,4.6737,15.4270,7.7217,10.4551
0.00,308,5.0100,2.1295,0.8290,0.4166,7.6706,1.2674,4.6852,15.3513,7.7118,10.4842
0.00,305,4.7878,2.0942,0.8318,0.4221,7.6537,1.2624,4.6849,15.2250,7.7942,10.5021
0.00,305,4.7985,2.0954,0.8339,0.4219,7.6202,1.2660,4.6882,15.4013,7.8070,10.5696
0.00,308,4.8096,2.1257,0.8299,0.4266,7.5392,1.2706,4.7629,15.4844,7.9161,10.4880
0.00,307,4.7597,2.1144,0.8308,0.4247,7.5382,1.2785,4.7517,15.4398,7.8686,10.5001
0.00,302,4.7149,2.1274,0.8191,0.4262,7.5940,1.2831,4.7674,15.4549,7.9029,10.4251
0.00,309,4.7132,2.1219,0.8246,0.4243,7.5688,1.2885,4.8208,15.4577,8.0032,10.4435
0.00,306,4.7384,2.1472,0.8244,0.4241,7.5695,1.2934,4.8371,15.3884,8.0102,10.6041
0.00,305,4.8394,2.1355,0.8230,0.4224,7.6157,1.2983,4.8677,15.2896,8.0997,10.6809
0.00,308,4.8852,2.1035,0.8181,0.4186,7.6507,1.3034,4.8511,14.9060,8.0025,10.7506
0.00,303,4.8873,2.1347,0.8189,0.4238,7.6756,1.3036,4.8814,14.7271,8.0419,10.8444
0.00,302,4.8699,2.1452,0.8166,0.4249,7.6911,1.3018,4.8981,14.8545,8.0941,10.8307
0.00,302,4.9058,2.1634,0.8211,0.4199,7.7369,1.3035,4.9207,14.8416,8.0865,11.0461
0.00,301,4.9573,2.1676,0.8184,0.4216,7.7372,1.2983,4.9735,14.9289,8.0848,11.1269
0.00,301,4.9199,2.1460,0.8098,0.4209,7.6861,1.2992,5.0395,14.9512,8.0487,11.1696
0.00,302,4.9822,2.1621,0.8128,0.4201,7.6761,1.3038,5.0595,15.0968,8.0789,11.2175
0.00,301,5.0682,2.1592,0.8160,0.4200,7.6983,1.3048,5.0661,15.1109,8.0948,11.1651
0.00,303,5.0671,2.1461,0.8198,0.4113,7.7210,1.3032,5.0485,15.0157,8.1492,11.1809
0.00,300,4.9418,2.1650,0.8157,0.4138,7.5982,1.2964,5.0731,15.2201,8.1802,11.2560
0.00,304,4.9576,2.1940,0.8318,0.4102,7.6283,1.3034,5.1333,15.1016,8.1848,11.3327
0.00,304,4.9549,2.2048,0.8348,0.4097,7.6086,1.3042,5.1347,15.1293,8.1753,11.3383
0.00,306,4.8864,2.2257,0.8342,0.4133,7.6896,1.2993,5.1589,15.3356,8.2151,11.3008
0.00,304,4.8854,2.2182,0.8305,0.4147,7.7120,1.3013,5.1435,15.3688,8.2299,11.2198
0.00,306,4.8307,2.2326,0.8259,0.4169,7.7000,1.3098,5.1445,15.3802,8.2336,11.2005
0.00,303,4.6794,2.2004,0.8273,0.4150,7.6498,1.3087,5.1070,15.6074,8.2465,11.3484
0.00,299,4.5866,2.2129,0.8369,0.4184,7.5869,1.3051,5.1224,15.5553,8.3615,11.4863
0.00,300,4.6682,2.2132,0.8303,0.4184,7.5830,1.3029,5.0645,15.5573,8.3227,11.4066
0.00,304,4.7556,2.2081,0.8234,0.4174,7.6010,1.3008,5.0058,15.7373,8.3432,11.4707
0.00,301,4.7772,2.2040,0.8236,0.4149,7.5938,1.2998,5.0140,15.7328,8.4191,11.4724
0.00,302,4.8230,2.1726,0.8278,0.4169,7.6651,1.3058,4.9697,15.6539,8.4791,11.3730
0.00,303,4.8941,2.1716,0.8319,0.4160,7.6693,1.2947,4.9911,15.7181,8.3794,11.2996
0.00,304,4.9783,2.1595,0.8234,0.4168,7.7257,1.2962,4.9703,15.7000,8.3626,11.3278
0.00,302,5.0242,2.1565,0.8279,0.4211,7.6008,1.2936,4.9029,15.5371,8.4982,11.2679
0.00,305,5.1028,2.1394,0.8325,0.4190,7.7422,1.2943,4.8060,15.5467,8.4944,11.1097
0.00,301,5.1937,2.1406,0.8337,0.4191,7.7694,1.2938,4.7927,15.4746,8.4944,11.1307
0.00,303,5.1621,2.1607,0.8232,0.4130,7.7092,1.2987,4.8347,15.3669,8.4717,11.1553
0.00,302,5.1285,2.1630,0.8126,0.4101,7.7014,1.2992,4.8333,15.2568,8.4547,11.1620
0.00,301,5.0673,2.1776,0.8157,0.4089,7.7404,1.2972,4.8051,15.0391,8.5962,11.0835
0.00,304,5.0495,2.1922,0.8231,0.4100,7.7975,1.3095,4.8051,15.0703,8.5840,11.1247
0.00,304,4.9637,2.2108,0.8121,0.4045,7.7474,1.3076,4.7712,15.0817,8.4688,11.0314
0.00,306,4.9078,2.1880,0.8078,0.3966,7.7142,1.3169,4.7512,14.9649,8.3745,10.9644
0.00,306,4.9464,2.1997,0.8003,0.3981,7.7343,1.3280,4.7661,14.8317,8.5917,10.8256
0.00,301,4.9998,2.2100,0.7980,0.4005,7.7154,1.3277,4.7766,14.7410,8.5499,10.8923
0.00,297,5.1261,2.2340,0.7971,0.3992,7.8518,1.3305,4.7414,14.8568,8.5755,10.9065
0.00,295,5.1786,2.2424,0.7960,0.3996,7.8652,1.3333,4.7715,14.6580,8.5656,10.8017
0.00,293,5.2103,2.2322,0.7975,0.4016,7.9710,1.3324,4.7211,14.6602,8.4937,10.7826
0.00,297,5.3224,2.2341,0.8113,0.4026,7.9792,1.3418,4.7398,14.5578,8.4323,10.8915
0.00,297,5.3578,2.2270,0.8193,0.4018,7.9961,1.3439,4.6738,14.5340,8.4923,10.8645
0.00,299,5.3303,2.2178,0.8137,0.3984,8.0071,1.3436,4.6317,14.7423,8.5971,10.7814
0.00,301,5.3101,2.2187,0.8169,0.4015,8.0213,1.3517,4.6198,14.8338,8.5947,10.6996
0.00,300,5.3916,2.2281,0.8291,0.4035,8.0645,1.3500,4.6629,14.6777,8.6581,10.6918
0.00,296,5.4614,2.2598,0.8251,0.4036,8.0627,1.3511,4.6275,14.5789,8.6436,10.7984
0.00,301,5.4413,2.2571,0.8298,0.4039,8.0276,1.3493,4.6404,14.7218,8.5974,10.8172
0.00,305,5.3612,2.2712,0.8384,0.4016,8.1132,1.3552,4.6257,14.7370,8.5397,10.9142
0.00,306,5.2396,2.2713,0.8382,0.4035,8.0900,1.3540,4.6159,14.7084,8.5013,10.9355
0.00,306,5.1353,2.2634,0.8419,0.4047,8.0334,1.3540,4.6657,14.7029,8.4452,11.0189
0.00,307,5.2033,2.2461,0.8417,0.4035,8.0384,1.3618,4.6462,14.4999,8.3855,11.1286
0.00,310,5.3116,2.2414,0.8427,0.4023,8.0875,1.3609,4.7114,14.3733,8.3332,11.1440
0.00,308,5.3071,2.2345,0.8368,0.4063,8.0329,1.3575,4.6625,14.4808,8.3152,11.0165
0.00,302,5.2793,2.2510,0.8395,0.4024,8.0554,1.3517,4.5382,14.5405,8.1360,11.0352
0.00,301,5.2859,2.2590,0.8275,0.4003,8.0383,1.3694,4.5394,14.6510,7.9610,11.0077
0.00,298,5.3387,2.2887,0.8322,0.4058,8.1008,1.3724,4.5237,14.7208,7.9675,10.9708
0.00,303,5.2587,2.2692,0.8385,0.4104,8.1555,1.3718,4.5627,14.6300,8.0341,11.0484
0.00,302,5.2227,2.2876,0.8313,0.4068,8.1202,1.3746,4.5494,14.7325,7.9811,10.9898
0.00,302,5.2874,2.2844,0.8253,0.4031,8.0344,1.3746,4.5547,14.8924,7.9924,11.0711
0.00,309,5.3377,2.2648,0.8380,0.4015,7.9633,1.3760,4.5156,15.0304,7.9382,11.0753
0.00,310,5.3264,2.2824,0.8354,0.4045,7.9415,1.3726,4.5790,15.1500,7.9316,11.0764
0.00,304,5.3522,2.2968,0.8321,0.4021,7.9996,1.3662,4.5423,15.2129,7.8464,11.2729
0.00,303,5.4258,2.2721,0.8437,0.4034,8.0826,1.3611,4.4801,15.2788,7.7804,11.1941
0.00,308,5.3992,2.2635,0.8342,0.4014,8.1676,1.3651,4.5238,15.3346,7.8043,11.1153
0.00,310,5.3411,2.2799,0.8305,0.4057,8.1385,1.3618,4.5947,15.4827,7.6822,11.1005
0.00,313,5.2883,2.2910,0.8188,0.4024,8.1094,1.3587,4.6293,15.3973,7.7423,11.0450
0.00,315,5.3349,2.2746,0.8298,0.4022,8.1448,1.3575,4.6620,15.3395,7.7606,11.0800
0.00,321,5.3678,2.2662,0.8234,0.3951,8.1399,1.3606,4.7443,15.2111,7.6797,11.0082
0.00,320,5.3701,2.2731,0.8225,0.3963,8.1474,1.3640,4.7573,15.3283,7.6671,11.0904
0.00,318,5.1815,2.2825,0.8130,0.3933,8.0489,1.3629,4.7536,15.4483,7.6439,11.1178
0.00,318,5.1899,2.2780,0.8139,0.3934,8.0248,1.3587,4.7235,15.5576,7.5977,11.0991
0.00,315,5.2022,2.2799,0.8123,0.3936,8.0283,1.3568,4.6885,15.6116,7.6342,11.0392
0.00,317,5.2547,2.2963,0.8114,0.3912,7.9759,1.3541,4.7293,15.3979,7.5220,11.0777
0.00,316,5.2802,2.2996,0.8098,0.3932,8.0445,1.3553,4.7765,15.5634,7.5171,11.0540
0.00,316,5.3218,2.2911,0.8149,0.3897,8.0376,1.3550,4.7600,15.5254,7.4785,11.0391
0.00,312,5.1887,2.3197,0.8255,0.3946,7.9569,1.3560,4.7690,15.4556,7.4880,11.0602
0.00,308,5.1578,2.3117,0.8308,0.3923,7.9993,1.3567,4.7687,15.3404,7.5697,11.1179
0.00,310,5.1649,2.3052,0.8198,0.3972,8.0417,1.3640,4.7487,15.2731,7.5753,11.1237
0.00,309,5.2342,2.3092,0.8125,0.3965,8.0949,1.3655,4.7359,14.9591,7.5172,11.2696
0.00,308,5.3324,2.3179,0.8100,0.3980,8.1655,1.3586,4.7580,15.1495,7.6022,11.2562
0.00,307,5.3433,2.2973,0.7989,0.3901,8.0036,1.3512,4.6726,15.2931,7.4786,11.3873
0.00,305,5.3668,2.3047,0.8037,0.3878,7.9860,1.3461,4.4960,15.3093,7.5389,11.3598
0.00,308,5.3366,2.3023,0.8120,0.3862,8.0675,1.3540,4.4935,15.1330,7.5887,11.2124
0.00,306,5.2199,2.3008,0.8074,0.3837,8.1206,1.3594,4.4064,14.9124,7.7830,11.3539
0.00,305,5.1330,2.3101,0.8048,0.3858,8.1155,1.3653,4.4003,14.8772,7.7954,11.4033
0.00,306,5.1269,2.3002,0.7974,0.3847,8.0522,1.3599,4.3559,14.8252,7.9210,11.5063
0.00,308,5.1436,2.3001,0.7891,0.3870,8.0794,1.3517,4.4367,14.7649,8.0433,11.5644
0.00,304,5.2376,2.3075,0.7906,0.3885,8.1207,1.3558,4.3868,14.7962,8.0137,11.5294
0.00,304,5.2668,2.3106,0.7903,0.3936,8.1572,1.3596,4.4514,14.8048,7.9734,11.5451
0.00,313,5.3138,2.2959,0.7993,0.3900,8.2218,1.3632,4.5427,14.7974,7.9097,11.5521
0.00,316,5.3681,2.2679,0.7949,0.3906,8.1985,1.3594,4.4976,14.8177,7.9234,11.5671
0.00,315,5.4318,2.2688,0.7949,0.3906,8.2023,1.3606,4.4960,14.8171,7.9231,11.5721
0.00,317,5.4221,2.2722,0.8002,0.3875,8.1293,1.3587,4.4947,14.8861,7.9699,11.4731
0.00,312,5.4032,2.2780,0.8054,0.3869,8.0480,1.3649,4.4352,14.6696,8.1064,11.5684
0.00,310,5.4140,2.2675,0.8031,0.3841,7.9985,1.3624,4.4655,14.9274,8.1049,11.6128
0.00,308,5.4415,2.2611,0.7961,0.3851,7.9967,1.3652,4.4543,14.8013,8.1084,11.6699
0.00,307,5.3922,2.2798,0.7896,0.3894,7.9776,1.3667,4.4601,14.7623,8.0466,11.6653
0.00,307,5.4025,2.2717,0.8092,0.3906,8.0937,1.3665,4.4531,14.6123,7.9743,11.6441
0.00,307,5.3789,2.2709,0.8043,0.3938,8.0627,1.3651,4.4511,14.7354,7.9151,11.6228
0.00,307,5.3872,2.2724,0.7881,0.3924,8.1095,1.3558,4.5002,14.8944,7.8047,11.4442
0.00,304,5.3643,2.2648,0.7916,0.3921,8.0198,1.3479,4.4767,14.9444,7.7868,11.3196
0.00,307,5.3648,2.2687,0.7875,0.3940,7.9632,1.3564,4.4860,14.9779,7.7717,11.3160
0.00,306,5.2923,2.2901,0.7935,0.3966,7.9020,1.3576,4.4684,14.9830,7.7896,11.4097
0.00,312,5.2714,2.3032,0.7957,0.3954,7.9156,1.3583,4.5082,15.1088,7.9025,11.6472
0.00,311,5.2703,2.2968,0.8041,0.3970,7.8696,1.3595,4.4588,14.9137,7.8734,11.5648
0.00,308,5.2819,2.3006,0.7922,0.3970,7.7946,1.3563,4.4544,14.7854,7.9703,11.6066
0.00,312,5.2318,2.3008,0.7909,0.3947,7.8449,1.3607,4.4864,14.6380,7.9180,11.5840
0.00,312,5.3121,2.3204,0.7968,0.3959,7.8658,1.3616,4.4442,14.7667,8.0080,11.5501
0.00,317,5.2218,2.3283,0.7908,0.4002,7.8066,1.3610,4.4422,14.8118,7.8928,11.5935
0.00,322,5.0984,2.3205,0.7928,0.3988,7.8349,1.3684,4.4570,14.6740,7.9637,11.5841
0.00,326,5.1269,2.3121,0.7993,0.3995,7.8570,1.3669,4.4228,14.6119,7.9139,11.6800
0.00,327,5.2572,2.2922,0.8010,0.3961,7.8544,1.3781,4.3958,14.6499,7.8498,11.6341
0.00,326,5.2990,2.2966,0.8027,0.3949,7.7881,1.3788,4.4065,14.6592,7.9132,11.6688
0.00,322,5.3290,2.3024,0.8062,0.3938,7.8037,1.3682,4.3710,14.5288,7.9406,11.7001
0.00,319,5.2471,2.3190,0.8144,0.3922,7.7902,1.3689,4.3433,14.5137,7.8661,11.8209
0.00,319,5.2758,2.3116,0.8119,0.3869,7.8019,1.3702,4.3944,14.4596,8.0100,11.7887
0.00,315,5.2475,2.2926,0.8148,0.3830,7.7216,1.3643,4.3104,14.6255,8.0402,11.7262
0.00,315,5.3099,2.2809,0.8104,0.3822,7.7327,1.3586,4.2991,14.6873,8.0406,11.8189
0.00,312,5.3038,2.2966,0.8099,0.3856,7.6509,1.3587,4.2939,14.7489,8.0444,11.7715
0.00,301,5.1180,2.3040,0.8092,0.3859,7.5517,1.3608,4.2450,14.7656,8.1693,11.8261
0.00,303,5.0900,2.2962,0.8143,0.3886,7.5844,1.3619,4.2464,14.7474,8.1584,11.7959
0.00,307,5.1852,2.2830,0.8102,0.3935,7.6059,1.3666,4.2456,14.5286,8.2283,11.5783
0.00,308,5.2009,2.2812,0.8165,0.3888,7.6470,1.3715,4.3119,14.4564,8.1972,11.7017
0.00,306,5.2524,2.2696,0.8145,0.3907,7.5982,1.3695,4.2426,14.4665,8.2942,11.7189
0.00,305,5.1919,2.2605,0.8125,0.3950,7.6465,1.3680,4.1910,14.3566,8.3582,11.6746
0.00,307,5.1685,2.2245,0.8084,0.4000,7.7598,1.3732,4.2100,14.5247,8.3594,11.6280
0.00,306,5.1924,2.2282,0.7989,0.4018,7.7589,1.3744,4.1603,14.6146,8.3748,11.5890
0.00,306,5.2460,2.2451,0.8042,0.3999,7.7271,1.3765,4.2332,14.7581,8.4620,11.4932
0.00,310,5.2260,2.2539,0.8073,0.3964,7.7683,1.3622,4.2747,14.7258,8.3060,11.4566
0.00,310,5.2279,2.2503,0.8081,0.3997,7.8078,1.3579,4.3062,14.7114,8.3660,11.4415
0.00,306,5.1739,2.2420,0.8079,0.4028,7.7465,1.3626,4.3131,14.6730,8.3984,11.4184
0.00,307,5.2194,2.2271,0.7996,0.4009,7.7034,1.3600,4.3403,14.6657,8.4996,11.4197
0.00,309,5.2161,2.1867,0.7975,0.3980,7.7822,1.3508,4.4078,14.7848,8.5864,11.4117
0.00,311,5.1749,2.1904,0.7966,0.4003,7.8459,1.3525,4.4971,14.7108,8.5597,11.4172
0.00,310,5.1235,2.1868,0.7944,0.3989,7.9135,1.3591,4.4464,14.8358,8.5461,11.3817
0.00,310,5.1128,2.1833,0.8041,0.3991,7.9143,1.3591,4.4538,14.9761,8.5871,11.3711
0.00,306,5.2131,2.1955,0.8071,0.3966,7.9683,1.3602,4.4349,14.8179,8.5651,11.4014
0.00,302,5.2693,2.2177,0.8034,0.3943,7.9632,1.3654,4.4328,14.7225,8.5652,11.4145
0.00,305,5.3160,2.2279,0.8019,0.3952,7.9930,1.3605,4.4944,14.6393,8.5842,11.4937
0.00,308,5.4393,2.2365,0.7951,0.3926,8.0145,1.3569,4.4809,14.5346,8.5422,11.4642
0.00,307,5.4327,2.2355,0.7946,0.3928,7.9975,1.3569,4.4698,14.5924,8.5499,11.4591
0.00,316,5.3068,2.2278,0.7940,0.3957,8.0188,1.3562,4.4742,14.6384,8.6447,11.3231
0.00,316,5.2420,2.2239,0.7996,0.3932,7.9752,1.3449,4.4707,14.5746,8.5725,11.3636
0.00,316,5.2519,2.1974,0.8147,0.4005,7.8749,1.3535,4.4718,14.9397,8.5433,11.4331
0.00,321,5.3109,2.2093,0.8115,0.3973,7.9608,1.3592,4.4982,15.1633,8.4282,11.3663
0.00,319,5.3960,2.2080,0.8117,0.3953,7.9628,1.3614,4.4797,15.1742,8.3675,11.3536
0.00,318,5.3853,2.2086,0.8120,0.3961,7.9389,1.3617,4.4848,15.1697,8.3730,11.2618
0.00,324,5.2883,2.2187,0.8215,0.4005,7.9449,1.3743,4.4990,15.1328,8.2402,11.3083
0.00,325,5.3169,2.2236,0.8212,0.4041,7.9385,1.3763,4.4505,15.1555,8.4252,11.3284
0.00,325,5.3406,2.2149,0.8274,0.4054,7.9197,1.3823,4.4491,15.0412,8.4271,11.4337
0.00,325,5.3755,2.2189,0.8399,0.4038,7.9309,1.3857,4.4453,15.0340,8.4171,11.4351
0.00,323,5.4040,2.2315,0.8438,0.4028,7.9731,1.3881,4.4335,15.2069,8.5368,11.3355
0.00,326,5.4497,2.2397,0.8410,0.4012,7.9574,1.3864,4.4849,15.4255,8.5890,11.3721
0.00,326,5.4802,2.2471,0.8429,0.4009,7.9519,1.3827,4.4742,15.4062,8.5831,11.3908
0.00,327,5.4421,2.2437,0.8502,0.4022,7.9409,1.3846,4.5357,15.4402,8.5439,11.3230
0.00,325,5.3848,2.2613,0.8480,0.4027,7.8778,1.3852,4.6343,15.4901,8.6153,11.2612
0.00,326,5.3710,2.2943,0.8507,0.4001,7.9734,1.3925,4.6215,15.4761,8.6423,11.2306
0.00,324,5.3249,2.2892,0.8524,0.3991,7.8840,1.3935,4.6195,15.5634,8.5792,11.3176
0.00,324,5.2650,2.3002,0.8553,0.4032,7.8838,1.3940,4.5962,15.7603,8.4633,11.2222
0.00,322,5.2372,2.3041,0.8502,0.3991,7.9393,1.4040,4.6105,15.7328,8.5139,11.1382
0.00,320,5.2152,2.3110,0.8453,0.4047,7.8844,1.3997,4.6218,15.9425,8.3470,11.0097
0.00,318,5.1767,2.2976,0.8575,0.4060,7.8348,1.3997,4.6551,16.0428,8.4536,10.9241
0.00,316,5.2514,2.2918,0.8610,0.4035,7.8768,1.4002,4.6429,15.8383,8.4961,10.8934
0.00,311,5.2266,2.2782,0.8676,0.4084,7.7969,1.4009,4.6166,15.8398,8.4896,10.8522
0.00,312,5.2539,2.2868,0.8626,0.4117,7.8173,1.4011,4.6211,15.8786,8.6038,10.7151
0.00,313,5.2762,2.2746,0.8652,0.4078,7.8095,1.4015,4.5994,15.8074,8.4573,10.6646
0.00,312,5.3037,2.2568,0.8645,0.4038,7.8237,1.3990,4.5471,15.8449,8.5313,10.6732
0.00,306,5.2850,2.2582,0.8655,0.4075,7.8447,1.4008,4.5534,15.9263,8.4964,10.6367
0.00,305,5.2869,2.2473,0.8682,0.4087,7.8672,1.3997,4.6079,15.9839,8.4900,10.6813
0.00,305,5.2989,2.2473,0.8682,0.4087,7.8672,1.3997,4.6079,15.9839,8.4900,10.6813
0.00,305,5.3170,2.2460,0.8642,0.4069,7.9251,1.4002,4.6039,15.9983,8.5095,10.6249
0.00,302,5.3490,2.2391,0.8612,0.4025,7.9273,1.4000,4.5837,16.1029,8.5412,10.6298
0.00,300,5.3837,2.2512,0.8563,0.4073,7.9628,1.3905,4.5463,15.9330,8.5116,10.7166
0.00,302,5.3029,2.2704,0.8478,0.4115,7.9310,1.3902,4.6005,16.0677,8.4443,10.6617
0.00,304,5.2982,2.2798,0.8552,0.4106,7.9345,1.3899,4.6282,16.1113,8.4350,10.5616
0.00,304,5.3330,2.2689,0.8548,0.4077,7.9310,1.3946,4.5158,16.2030,8.4521,10.6224
0.00,303,5.3824,2.2739,0.8533,0.4055,7.9260,1.3907,4.5718,16.0999,8.4235,10.6873
0.00,304,5.4403,2.2817,0.8574,0.4069,7.9793,1.3991,4.5781,16.2624,8.3514,10.7036
0.00,305,5.5288,2.2750,0.8597,0.4093,7.9740,1.4063,4.5646,16.2292,8.4128,10.7526
0.00,310,5.5112,2.2402,0.8673,0.4061,7.9828,1.4046,4.5336,16.0036,8.3108,10.8309
0.00,310,5.4940,2.2347,0.8630,0.4032,7.9822,1.4046,4.5500,15.9702,8.3332,10.9014
0.00,306,5.4286,2.2376,0.8620,0.4035,7.9544,1.4092,4.5672,16.0400,8.5256,10.9873
0.00,303,5.3685,2.2579,0.8606,0.4023,7.8912,1.4060,4.5847,16.0500,8.4660,10.9852
0.00,300,5.1708,2.2118,0.8608,0.4032,7.7719,1.4216,4.6313,15.9221,8.3819,11.2240
0.00,300,5.1940,2.1880,0.8695,0.4004,7.8091,1.4201,4.6236,16.0504,8.3451,11.0157
0.00,298,5.2784,2.1752,0.8602,0.4048,7.8250,1.4260,4.6148,16.0031,8.2510,10.9976
0.00,298,5.3383,2.1721,0.8705,0.4046,7.8715,1.4182,4.5153,15.8602,8.1798,10.7408
0.00,302,5.3403,2.1495,0.8673,0.4063,7.8178,1.4144,4.5504,15.8946,8.1757,10.6590
0.00,304,5.3162,2.1592,0.8715,0.4114,7.8187,1.4194,4.5703,15.9288,8.1758,10.7204
0.00,302,5.3826,2.1715,0.8756,0.4147,7.8681,1.4234,4.5747,15.9794,8.0941,10.6865
0.00,307,5.2863,2.1603,0.8847,0.4159,7.8331,1.4186,4.6388,15.8277,8.0464,10.6197
0.00,307,5.2433,2.1630,0.8853,0.4195,7.8111,1.4079,4.6462,15.7115,8.1382,10.6059
0.00,307,5.2836,2.1808,0.8922,0.4145,7.7841,1.4077,4.5963,15.6565,8.1528,10.6637
0.00,305,5.3820,2.1863,0.8942,0.4184,7.8819,1.4067,4.5834,15.6760,8.0661,10.6109
0.00,302,5.3455,2.1825,0.8822,0.4229,7.9301,1.4063,4.5183,15.6375,8.1020,10.4633
0.00,307,5.2551,2.1781,0.8865,0.4207,7.8455,1.4019,4.5148,15.6108,8.1290,10.3571
0.00,308,5.2821,2.1867,0.8868,0.4208,7.9205,1.4012,4.5325,15.4457,8.0569,10.3834
0.00,307,5.3042,2.1689,0.8863,0.4198,7.9303,1.3941,4.5496,15.2102,8.1662,10.2410
0.00,305,5.2404,2.1839,0.8886,0.4216,7.8879,1.3885,4.5134,15.2539,8.1750,10.3241
0.00,299,5.1869,2.1974,0.8849,0.4265,7.8201,1.3854,4.5041,15.0376,8.1636,10.2661
0.00,301,5.0969,2.2081,0.8789,0.4290,7.8420,1.3844,4.4499,15.0047,8.1052,10.3368
0.00,304,5.1129,2.1864,0.8742,0.4297,7.8063,1.3778,4.4440,14.9770,8.0470,10.3936
0.00,304,5.1426,2.1764,0.8657,0.4308,7.8173,1.3758,4.4519,15.0832,8.0675,10.4915
0.00,304,5.1913,2.1730,0.8680,0.4276,7.8152,1.3758,4.4652,15.1509,8.1086,10.4856
0.00,303,5.0977,2.1587,0.8606,0.4243,7.8129,1.3686,4.5167,14.8394,8.0082,10.4560
0.00,303,5.0482,2.1431,0.8586,0.4233,7.7495,1.3640,4.5359,15.0965,8.0556,10.4190
0.00,299,5.1411,2.1628,0.8457,0.4295,7.7292,1.3708,4.5755,15.3051,8.2062,10.3628
0.00,299,5.1790,2.1611,0.8459,0.4281,7.7523,1.3717,4.5474,15.2191,8.2403,10.3771
0.00,296,5.2407,2.1320,0.8374,0.4256,7.7800,1.3694,4.6161,15.1020,8.2454,10.4096
0.00,297,5.1427,2.1194,0.8392,0.4262,7.6992,1.3715,4.6025,15.0572,8.1419,10.4743
0.00,295,5.1274,2.1296,0.8352,0.4222,7.6866,1.3671,4.6574,15.0886,8.1108,10.4801
0.00,300,5.0751,2.0890,0.8374,0.4244,7.7248,1.3755,4.7275,14.8449,8.1852,10.4019
0.00,303,5.1065,2.0850,0.8300,0.4251,7.7122,1.3789,4.6690,14.9007,8.2077,10.3402
0.00,300,5.1334,2.0803,0.8430,0.4254,7.6601,1.3752,4.6693,14.7951,8.2153,10.4246
0.00,306,5.0903,2.1200,0.8420,0.4217,7.6764,1.3772,4.6369,14.9159,8.2007,10.3485
0.00,301,5.0682,2.1522,0.8362,0.4218,7.6510,1.3825,4.6397,15.0119,8.0976,10.3841
0.00,301,5.1034,2.1612,0.8504,0.4254,7.6591,1.3822,4.6788,14.9327,8.1046,10.3748
0.00,302,5.1394,2.1362,0.8539,0.4218,7.6592,1.3856,4.7228,14.9820,8.1745,10.2837
0.00,300,5.1438,2.1162,0.8534,0.4177,7.6602,1.3838,4.6716,14.7140,8.2241,10.3056
0.00,303,5.1817,2.0993,0.8506,0.4164,7.7309,1.3808,4.7033,14.6276,8.1391,10.3230
0.00,302,5.1842,2.0793,0.8521,0.4201,7.6164,1.3800,4.7527,14.6271,8.0837,10.3415
0.00,300,5.2017,2.0812,0.8345,0.4142,7.6530,1.3745,4.6661,14.9478,8.0424,10.4024
0.00,301,5.1584,2.0431,0.8312,0.4101,7.6870,1.3732,4.6871,14.9029,7.8661,10.4390
0.00,299,5.1478,2.0501,0.8409,0.4112,7.6595,1.3667,4.6977,14.9919,7.8889,10.4490
0.00,301,5.0704,2.0448,0.8477,0.4029,7.6672,1.3611,4.7548,14.7083,7.8466,10.4145
0.00,303,5.1389,2.0345,0.8474,0.4046,7.7277,1.3587,4.7324,14.9317,7.9736,10.2535
0.00,304,5.2491,2.0429,0.8515,0.4065,7.7636,1.3575,4.6861,14.7816,7.9730,10.2214
0.00,305,5.2283,2.0104,0.8475,0.4125,7.6831,1.3647,4.7036,14.6531,7.9601,10.1239
0.00,302,5.2824,2.0199,0.8426,0.4120,7.8128,1.3677,4.7224,14.6472,7.9938,10.0384
0.00,301,5.1752,2.0280,0.8375,0.4103,7.8679,1.3680,4.7957,14.7517,7.9919,10.1994
0.00,304,5.1475,2.0128,0.8387,0.4104,7.8502,1.3703,4.7874,14.8657,8.0181,10.3177
0.00,300,5.1507,2.0431,0.8368,0.4112,7.8318,1.3705,4.7629,14.7717,8.1636,10.4107
0.00,304,5.1909,2.0191,0.8361,0.4050,7.8371,1.3654,4.8112,14.7543,8.2976,10.3294
0.00,300,5.2684,2.0226,0.8261,0.4021,7.8629,1.3666,4.7764,14.9392,8.2265,10.1891
0.00,300,5.2507,2.0766,0.8303,0.4007,7.8670,1.3683,4.8058,14.9996,8.2273,10.1682
0.00,291,5.1513,2.0584,0.8244,0.3991,7.7827,1.3604,4.7866,15.0033,8.2018,10.1815
0.00,292,5.1050,2.0343,0.8184,0.3932,7.7913,1.3614,4.7165,14.8839,8.2544,10.3284
0.00,292,5.0802,2.0429,0.8140,0.3931,7.7936,1.3664,4.6867,14.7696,8.2122,10.4179
0.00,294,5.0770,2.0307,0.8053,0.3999,7.7979,1.3660,4.7121,14.8772,8.3756,10.3516
0.00,297,5.0782,2.0328,0.7955,0.4026,7.7715,1.3638,4.7958,15.0122,8.3081,10.2363
0.00,299,5.0579,2.0384,0.7955,0.4036,7.8178,1.3677,4.7972,14.9526,8.1859,10.3107
0.00,298,5.0521,2.0632,0.8058,0.4025,7.8308,1.3695,4.8165,14.4225,8.2842,10.5532
0.00,299,5.0803,2.0604,0.8075,0.4076,7.8500,1.3718,4.8401,14.5055,8.3223,10.5009
0.00,294,5.0128,2.0639,0.8096,0.4098,7.8408,1.3742,4.8067,14.4977,8.4100,10.4472
0.00,298,4.9592,2.0700,0.8138,0.4036,7.8417,1.3706,4.8408,14.6007,8.3873,10.3241
0.00,299,5.0402,2.0913,0.8136,0.4014,7.8528,1.3715,4.8442,14.5134,8.3961,10.3415
0.00,302,5.0603,2.0647,0.8174,0.3978,7.8288,1.3788,4.8066,14.7098,8.4385,10.4160
0.00,300,5.1283,2.0479,0.8111,0.3971,7.8580,1.3790,4.7813,14.6857,8.5291,10.3734
0.00,295,5.1374,2.0162,0.8197,0.3993,7.8659,1.3894,4.8329,15.0218,8.5872,10.4328
0.00,298,5.0514,2.0186,0.8160,0.3967,7.8846,1.4011,4.9446,15.1193,8.6162,10.2838
0.00,300,5.0938,2.0670,0.8047,0.3975,7.8496,1.4084,4.9299,15.2239,8.7306,10.0862
0.00,296,5.1705,2.0790,0.8035,0.3957,7.8402,1.4060,4.8933,15.3446,8.8721,9.9670
0.00,293,5.1684,2.0810,0.8136,0.3998,7.8209,1.4026,4.9480,15.2031,8.8995,9.9225
0.00,295,5.1018,2.0875,0.8244,0.4020,7.8812,1.4031,4.8923,15.1240,8.9687,9.8625
0.00,293,5.1332,2.0975,0.8307,0.4043,7.8886,1.3961,4.8834,15.0625,8.9708,10.0043
0.00,297,5.0318,2.1040,0.8356,0.4038,7.8368,1.3953,4.8427,15.1590,9.0194,10.0390
0.00,299,5.0783,2.0915,0.8299,0.4089,7.8653,1.3977,4.8354,15.3630,8.9969,10.0513
0.00,298,5.1630,2.1071,0.8230,0.4099,7.8277,1.4029,4.8542,15.4757,8.9641,10.0531
0.00,294,5.0622,2.1108,0.8194,0.4156,7.6876,1.4012,4.8543,15.2986,8.9146,10.1499
0.00,297,5.1134,2.1069,0.8127,0.4170,7.7451,1.3910,4.8883,15.1982,8.8503,10.2444
0.00,297,5.0607,2.1257,0.8106,0.4215,7.7392,1.3922,4.8830,15.0592,8.7422,10.2567
0.00,297,5.1315,2.1398,0.8086,0.4173,7.8154,1.3940,4.9208,15.1660,8.7507,10.2276
0.00,304,5.1369,2.1586,0.8192,0.4097,7.7451,1.3913,4.9182,14.9603,8.4872,10.3738
0.00,311,4.9978,2.1722,0.8151,0.4054,7.6269,1.3912,4.9194,15.1979,8.5003,10.3569
0.00,311,4.9348,2.1770,0.8175,0.4077,7.5824,1.3867,4.9464,15.0629,8.5446,10.2240
0.00,313,4.8899,2.1593,0.8172,0.4081,7.5515,1.3798,4.9400,15.1793,8.5987,10.0943
0.00,311,4.9009,2.1622,0.8148,0.4100,7.6017,1.3736,4.9610,15.3221,8.5803,10.0224
0.00,310,4.9085,2.1583,0.8070,0.4070,7.6197,1.3700,4.9431,15.1078,8.6051,10.1335
0.00,308,4.9311,2.1647,0.8102,0.4035,7.6189,1.3700,4.9650,15.1884,8.6079,10.0957
0.00,310,4.8885,2.1573,0.8012,0.4063,7.6594,1.3695,4.9324,15.0815,8.5396,10.2083
0.00,311,4.8540,2.1796,0.8010,0.4039,7.6912,1.3695,4.9637,15.0670,8.5998,10.2557
0.00,313,4.8670,2.1711,0.7941,0.4052,7.6570,1.3673,4.9276,15.1785,8.6672,10.2305
0.00,311,4.9660,2.1562,0.7953,0.4031,7.6997,1.3629,4.9087,15.1343,8.6804,10.2195
